<Page class="page"
    navigatingTo="onNavigatingTo"  
    xmlns="http://schemas.nativescript.org/tns.xsd"
    xmlns:nsDrawer="nativescript-ui-sidedrawer">

    <ActionBar class="action-bar">
        <Label class="action-bar-title" text="About the Program"></Label>
    </ActionBar>

    <nsDrawer:RadSideDrawer id="sideDrawer">
        <nsDrawer:RadSideDrawer.drawerContent>
            <StackLayout backgroundColor="gray">
            <StackLayout height="56" style="text-align: center; vertical-align: center;">
                <Label text="Navigation Menu"/>
            </StackLayout>
            <ScrollView>
                <StackLayout>
                    <Button text="Home" padding="10" backgroundColor="lightgray" tap="onHomeTap"/>
                    <Button text="Encouragement" padding="10" tap="onEncourageTap"/>
                    <Button text="Options" padding="10" tap="onOptionsTap"/>
                    <Button text="About" padding="10" tap="onAboutTap"/>
                    <Button text="Close Drawer" color="lightgray" padding="10" style="horizontal-align: center" tap="{{ onCloseDrawerTap }}"/>
                </StackLayout>
            </ScrollView>
            </StackLayout>
        </nsDrawer:RadSideDrawer.drawerContent>

        <nsDrawer:RadSideDrawer.mainContent>
                <StackLayout>
                    <Label id="about0" text="Encoura-Positigen"/>
                    <Label id="about" text="A program by Chris Cavalier"/>
                    <Label id="about2" text="(c.cavalier@eagles.oc.edu)"/>
                    <Label id="about3" textWrap="true" text="in fulfillment of CMSC 4233 (or 5233) Spring 2019 Assignment 2 requirements"/>
                </StackLayout>
        </nsDrawer:RadSideDrawer.mainContent>
    </nsDrawer:RadSideDrawer>
</Page>