<Page class="page"
    navigatingTo="onNavigatingTo"  
    xmlns="http://schemas.nativescript.org/tns.xsd"
    xmlns:nsDrawer="nativescript-ui-sidedrawer">

    <ActionBar class="action-bar">
        <Label class="action-bar-title" text="Options"></Label>
    </ActionBar>

    <nsDrawer:RadSideDrawer id="sideDrawer">
        <nsDrawer:RadSideDrawer.drawerContent>
            <StackLayout backgroundColor="gray">
            <StackLayout height="56" style="text-align: center; vertical-align: center;">
                <Label text="Navigation Menu"/>
            </StackLayout>
            <ScrollView>
                <StackLayout>
                    <Button text="Home" padding="10" backgroundColor="lightgray" tap="onHomeTap"/>
                    <Button text="Encouragement" padding="10" tap="onEncourageTap"/>
                    <Button text="Options" padding="10" tap="onOptionsTap"/>
                    <Button text="About" padding="10" tap="onAboutTap"/>
                    <Button text="Close Drawer" color="lightgray" padding="10" style="horizontal-align: center" tap="{{ onCloseDrawerTap }}"/>
                </StackLayout>
            </ScrollView>
            </StackLayout>
        </nsDrawer:RadSideDrawer.drawerContent>

        <nsDrawer:RadSideDrawer.mainContent>
                    <StackLayout>
                        <Button text="Change username" tap="usernamePrompt" class="btn btn-primary btn-active"/>
                    </StackLayout>
                     <GridLayout rows="auto auto" columns="* *" class="m-5">
                        <Label class="h3 m-15" text="Night Mode" textWrap="true" row="0" col="0"></Label>
                        <Switch class="m-15" id="switch" onload="setCheck" row="0" col="1"></Switch>
                    </GridLayout>
        </nsDrawer:RadSideDrawer.mainContent>
    </nsDrawer:RadSideDrawer>
</Page>